7,3,7
8,3,8
9,4,1
10,4,8
11,4,9
12,4,10
13,4,14
14,4,15
15,5,1
16,5,5
17,5,6
18,5,8
19,5,10
20,5,12
21,5,14
22,5,15
23,5,16
24,6,10
25,6,15
26,7,2
27,7,5
28,7,7
29,7,11
30,7,16
31,8,8
32,8,9
33,8,11
34,8,13
35,8,14
36,8,15
37,9,1
38,9,2
39,9,7
40,9,17
41,10,7
42,10,8
43,11,6
44,11,8
45,11,9
46,12,3
47,12,6
48,12,8
49,12,12
50,12,13
51,12,14
52,12,15
53,12,16
54,13,7
55,13,17
56,14,5
57,14,8
58,14,15
59,15,5
60,15,8
61,15,9
62,15,14
63,16,2
64,16,6
65,16,7
66,17,7
67,17,8
68,17,10
69,17,12
70,17,13
71,17,14
72,17,15
73,18,5
74,18,8
75,18,9
76,18,10
77,18,12
78,19,7
79,19,8
80,19,17
81,20,7
82,20,8
83,20,12
84,21,2
85,21,3
86,21,5
87,21,6
88,21,7
89,21,8
90,21,9
91,21,11
92,21,12
93,21,13
94,21,14
95,21,15
96,21,16
97,21,17
98,22,1
99,22,5
100,22,8
101,22,9
102,22,12
103,22,13
104,22,14
105,22,16
106,23,5
107,23,8
108,23,9
109,23,10
110,23,11
111,23,13
112,23,14
113,23,15
114,23,18
115,24,1
116,24,8
117,24,9
118,24,10
119,24,14
120,25,7
121,26,2
122,26,6
123,26,7
124,26,8
125,26,16
126,27,5
127,27,8
128,27,9
129,27,10
130,27,18
131,28,2
132,28,7
133,28,16
134,29,1
135,29,2
136,29,3
137,29,4
138,29,5
139,29,7
140,29,8
141,29,14
142,29,16
143,30,1
144,30,3
145,30,8
146,30,10
147,30,12
148,30,15
149,30,17
150,31,2
151,31,8
152,31,11
153,31,14
154,32,1
155,32,3
156,32,8
157,32,12
158,32,14
159,32,16
160,33,2
161,33,7
162,33,8
163,33,11
164,33,13
165,34,2
166,34,7
167,34,16
168,35,1
169,35,8
170,35,10
171,35,11
172,35,14
173,35,15
174,36,1
175,36,5
176,36,6
177,36,7
178,36,13
179,36,14
180,36,18
181,37,1
182,37,6
183,37,7
184,37,8
185,37,10
186,37,14
187,37,15
188,38,5
189,38,6
190,38,7
191,38,11
192,38,16
193,39,6
194,39,7
195,39,8
196,39,18
197,40,1
198,40,5
199,40,9
200,41,1
201,41,2
202,41,5
203,41,7
204,41,8
205,41,11
206,41,12
207,41,17
208,41,18
209,42,7
210,42,8
211,42,9
212,42,10
213,42,14
214,43,2
215,43,7
216,44,1
217,44,2
218,44,3
219,44,4
220,44,5
221,44,8
222,44,9
223,44,11
224,44,12
225,44,13
226,44,14
227,44,15
228,44,16
229,44,17
230,45,1
231,45,6
232,45,7
233,45,8
234,45,9
235,45,10
236,45,15
237,46,1
238,46,7
239,46,8
240,46,15
241,47,1
242,47,2
243,47,7
244,47,8
245,47,15
246,47,16
247,47,17
248,48,1
249,48,2
250,48,5
251,48,7
252,48,8
253,48,14
254,48,16
255,48,18
256,49,2
257,49,4
258,49,6
259,49,7
260,49,8
261,49,11
262,49,14
263,49,15
264,49,16
265,50,7
266,50,8
267,50,15
268,51,1
269,51,6
270,51,11
271,51,12
272,51,16
273,52,1
274,52,8
275,52,10
276,52,14
277,53,3
278,53,5
279,53,6
280,53,7
281,53,8
282,53,10
283,53,11
284,53,12
285,53,14
286,53,15
287,53,16
288,54,5
289,54,7
290,54,8
291,54,12
292,54,13
293,54,14
294,54,16
295,55,2
296,55,3
297,55,4
298,55,5
299,55,6
300,55,7
301,55,8
302,55,9
303,55,11
304,55,12
305,55,13
306,55,14
307,55,16
308,55,18
309,56,2
310,56,3
311,56,5
312,56,6
313,56,7
314,56,16
315,56,18
316,57,2
317,57,3
318,57,5
319,57,6
320,57,7
321,57,8
322,57,9
323,57,13
324,57,14
325,57,16
326,57,17
327,57,18
328,58,2
329,58,5
330,58,7
331,58,11
332,58,14
333,58,15
334,58,16
335,58,17
336,59,5
337,59,7
338,59,8
339,59,10
340,59,13
341,59,14
342,59,15
343,59,18
344,60,8
345,60,13
346,60,14
347,60,15
348,61,1
349,61,2
350,61,7
351,62,1
352,62,8
353,62,10
354,62,13
355,62,14
356,62,15
357,62,17
358,63,5
359,63,6
360,63,7
361,63,8
362,63,14
363,63,15
364,64,2
365,64,5
366,64,7
367,64,8
368,64,16
369,64,17
370,65,2
371,65,3
372,65,4
373,65,5
374,65,6
375,65,7
376,65,8
377,65,9
378,65,10
379,65,11
380,65,12
381,65,13
382,65,14
383,65,15
384,65,16
385,65,17
386,65,18
387,66,1
388,66,11
389,66,12
390,66,17
391,67,6
392,67,7
393,67,8
394,68,11
395,68,17
396,69,2
397,69,6
398,69,7
399,69,9
400,69,16
401,69,17
402,70,1
403,70,2
404,70,6
405,70,7
406,70,11
407,70,13
408,70,14
409,70,16
410,71,1
411,71,6
412,71,8
413,71,9
414,71,10
415,71,12
416,71,13
417,71,14
418,71,17
419,72,1
420,72,6
421,72,7
422,72,8
423,72,16
424,73,2
425,73,7
426,73,11
427,74,5
428,74,7
429,74,11
430,74,12
431,75,6
432,75,7
433,75,8
434,75,10
435,75,11
436,75,16
437,76,7
438,76,11
439,76,16
440,77,4
441,77,5
442,77,11
443,77,12
444,77,18
445,78,3
446,78,4
447,78,8
448,78,9
449,78,10
450,78,12
451,78,13
452,78,14
453,78,15
454,78,16
455,79,1
456,79,2
457,79,11
458,80,2
459,80,7
460,80,8
461,80,11
462,80,16
463,80,17
464,81,1
465,81,2
466,81,4
467,81,6
468,81,7
469,81,11
470,81,12
471,81,13
472,81,14
473,81,16
474,81,17
475,82,2
476,82,3
477,82,4
478,82,6
479,82,7
480,82,8
481,82,11
482,82,16
483,82,17
484,82,18
485,83,2
486,83,7
487,83,8
488,83,11
489,83,12
490,83,14
491,83,16
492,84,1
493,84,2
494,84,7
495,84,8
496,84,11
497,84,12
498,84,14
499,84,16
500,85,1
501,85,8
502,85,9
503,85,10
504,85,15
505,86,2
506,86,5
507,86,6
508,86,7
509,86,8
510,86,13
511,86,16
512,86,17
513,87,4
514,87,5
515,87,6
516,87,8
517,87,9
518,87,10
519,87,11
520,87,12
521,87,13
522,87,14
523,87,15
524,87,18
525,88,4
526,88,5
527,88,8
528,88,9
529,88,17
530,89,2
531,89,7
532,89,8
533,89,11
534,90,1
535,90,2
536,90,6
537,90,7
538,90,8
539,90,10
540,90,12
541,90,14
542,90,15
543,90,16
544,91,1
545,91,2
546,91,5
547,91,7
548,91,8
549,91,13
550,91,14
551,91,15
552,91,16
553,91,17
554,92,5
555,92,8
556,92,13
557,92,14
558,92,15
559,93,6
560,93,8
561,94,1
562,94,3
563,94,6
564,94,8
565,94,9
566,94,10
567,94,12
568,95,4
569,95,5
570,95,6
571,95,13
572,95,14
573,95,18
574,96,1
575,96,3
576,96,4
577,96,5
578,96,6
579,96,7
580,96,13
581,96,14
582,96,18
583,97,1
584,97,2
585,97,7
586,97,11
587,97,17
588,98,5
589,98,11
590,98,12
591,98,13
592,98,14
593,99,8
594,99,9
595,99,10
596,99,15
597,99,17
598,100,11
599,101,1
600,101,2
601,101,8
602,101,15
603,101,16
604,102,2
605,102,7
606,102,12
607,102,16
608,103,1
609,103,2
610,103,5
611,103,6
612,103,7
613,103,8
614,103,11
615,103,12
616,104,8
617,104,9
618,104,10
619,104,12
620,105,5
621,105,6
622,105,8
623,105,10
624,105,12
625,105,13
626,105,14
627,105,15
628,105,18
629,106,1
630,106,2
631,106,6
632,106,7
633,106,11
634,106,12
635,106,13
636,106,16
637,106,17
638,106,18
639,107,1
640,107,5
641,107,8
642,107,9
643,107,13
644,107,14
645,107,15
646,108,1
647,108,8
648,108,9
649,109,2
650,109,3
651,109,4
652,109,5
653,109,7
654,109,8
655,109,11
656,109,12
657,109,13
658,109,14
659,109,16
660,109,18
661,110,8
662,110,9
663,110,13
664,110,15
665,111,5
666,111,8
667,111,9
668,112,4
669,112,5
670,112,8
671,112,9
672,112,18
673,113,1
674,113,2
675,113,3
676,113,7
677,113,8
678,113,12
679,113,13
680,113,14
681,113,15
682,113,16
683,113,17
684,114,2
685,114,5
686,114,8
687,114,13
688,114,14
689,114,15
690,114,17
691,114,18
692,115,2
693,115,5
694,115,13
695,115,16
696,115,17
697,116,1
698,116,2
699,116,7
700,116,8
701,116,17
702,117,6
703,117,7
704,117,8
705,117,18
706,118,1
707,118,2
708,118,5
709,118,6
710,118,7
711,118,8
712,118,16
713,119,8
714,119,14
715,119,15
716,120,7
717,120,16
718,121,5
719,121,8
720,121,10
721,121,12
722,121,13
723,121,14
724,121,15
725,122,2
726,122,7
727,123,1
728,123,2
729,123,5
730,123,6
731,123,8
732,123,9
733,123,13
734,123,14
735,123,16
736,124,4
737,124,7
738,124,8
739,124,11
740,124,14
741,125,5
742,125,8
743,125,10
744,125,13
745,125,14
746,125,15
747,126,6
748,126,8
749,126,13
750,126,14
751,127,1
752,127,3
753,127,5
754,127,6
755,127,8
756,127,13
757,127,14
758,128,8
759,128,12
760,128,13
761,128,15
762,129,1
763,129,2
764,129,7
765,129,8
766,129,10
767,129,11
768,130,4
769,130,5
770,130,7
771,130,8
772,130,12
773,130,14
774,130,15
775,131,1
776,131,2
777,131,4
778,131,5
779,131,6
780,131,7
781,131,8
782,131,9
783,131,14
784,131,15
785,131,16
786,131,17
787,132,1
788,132,2
789,132,7
790,132,8
791,132,13
792,132,15
793,133,5
794,133,8
795,134,1
796,134,7
797,134,11
798,135,1
799,135,7
800,135,8
801,135,10
802,135,12
803,136,3
804,136,5
805,136,13
806,137,2
807,137,11
808,137,12
809,137,13
810,137,14
811,137,15
812,137,16
813,137,17
814,138,5
815,138,8
816,138,9
817,138,10
818,138,12
819,138,13
820,138,14
821,138,15
822,139,2
823,139,7
824,139,11
825,140,2
826,140,5
827,140,6
828,140,7
829,140,8
830,140,11
831,140,13
832,140,14
833,140,16
834,141,5
835,141,6
836,141,13
837,141,14
838,142,1
839,142,2
840,142,7
841,142,8
842,142,11
843,142,13
844,142,14
845,143,1
846,143,7
847,143,8
848,143,13
849,143,16
850,144,1
851,144,8
852,144,9
853,144,10
854,144,11
855,144,15
856,144,16
857,145,1
858,145,2
859,145,7
860,145,8
861,146,1
862,146,2
863,146,7
864,146,8
865,146,11
866,146,12
867,147,8
868,147,14
869,147,16
870,147,17
871,148,1
872,148,2
873,148,8
874,149,2
875,149,5
876,149,7
877,149,8
878,149,10
879,149,11
880,150,1
881,150,8
882,150,9
883,150,11
884,150,15
885,151,2
886,151,3
887,151,4
888,151,7
889,151,11
890,151,14
891,152,6
892,153,5
893,153,6
894,153,8
895,153,9
896,153,13
897,153,14
898,153,18
899,154,1
900,154,8
901,154,9
902,154,10
903,154,12
904,154,13
905,154,14
906,154,15
907,155,2
908,155,7
909,155,8
910,155,11
911,155,14
912,156,1
913,156,2
914,156,7
915,156,11
916,156,13
917,157,4
918,157,5
919,157,8
920,157,9
921,157,10
922,158,1
923,158,2
924,158,5
925,158,13
926,158,15
927,159,1
928,159,3
929,159,5
930,159,8
931,159,10
932,159,12
933,160,1
934,160,2
935,160,3
936,160,4
937,160,7
938,160,8
939,160,9
940,160,10
941,161,2
942,161,7
943,161,8
944,161,11
945,161,12
946,161,13
947,161,17
948,162,2
949,162,3
950,162,5
951,162,6
952,162,7
953,162,8
954,162,12
955,162,15
956,163,8
957,163,9
958,163,10
959,163,12
960,163,13
961,163,14
962,163,15
963,164,7
964,164,8
965,164,11
966,165,3
967,165,4
968,165,5
969,165,7
970,165,11
971,165,12
972,165,16
973,166,1
974,166,7
975,166,17
976,167,1
977,167,2
978,167,7
979,167,13
980,167,14
981,167,15
982,168,1
983,168,2
984,168,4
985,168,7
986,168,11
987,168,16
988,169,1
989,169,9
990,169,18
991,170,8
992,170,10
993,170,11
994,170,12
995,171,1
996,171,2
997,171,5
998,171,7
999,171,8
1000,171,14
1001,172,5
1002,172,6
1003,172,8
1004,172,9
1005,172,15
1006,173,8
1007,173,13
1008,173,14
1009,173,15
1010,173,16
1011,174,1
1012,174,5
1013,174,7
1014,174,8
1015,174,11
1016,175,5
1017,175,6
1018,175,8
1019,175,9
1020,175,10
1021,175,12
1022,175,13
1023,175,14
1024,175,15
1025,176,5
1026,176,6
1027,176,17
1028,176,18
1029,177,3
1030,177,18
1031,178,5
1032,178,8
1033,178,9
1034,178,12
1035,178,13
1036,178,14
1037,178,16
1038,179,8
1039,179,9
1040,179,12
1041,179,14
1042,179,15
1043,180,3
1044,180,5
1045,180,8
1046,180,9
1047,180,15
1048,181,5
1049,181,8
1050,181,9
1051,181,14
1052,181,18
1053,182,5
1054,182,13
1055,182,17
1056,182,18
1057,183,1
1058,183,8
1059,183,9
1060,183,10
1061,183,14
1062,183,15
1063,184,2
1064,184,5
1065,184,8
1066,184,11
1067,184,12
1068,184,13
1069,184,16
1070,185,2
1071,185,5
1072,185,6
1073,185,7
1074,185,8
1075,185,9
1076,185,12
1077,185,16
1078,185,18
1079,186,6
1080,186,7
1081,186,11
1082,186,12
1083,186,13
1084,186,15
1085,186,17
1086,187,1
1087,187,6
1088,187,8
1089,187,13
1090,187,14
1091,187,15
1092,188,6
1093,188,11
1094,188,14
1095,188,16
1096,189,3
1097,189,7
1098,189,18
1099,190,7
1100,190,15
1101,190,17
1102,191,5
1103,191,6
1104,191,18
1105,192,5
1106,192,8
1107,192,9
1108,192,10
1109,192,18
1110,193,1
1111,193,5
1112,193,8
1113,193,9
1114,194,3
1115,194,5
1116,194,6
1117,194,7
1118,194,13
1119,194,15
1120,194,18
1121,195,2
1122,195,7
1123,195,8
1124,195,11
1125,195,17
1126,196,3
1127,196,5
1128,196,8
1129,196,9
1130,196,10
1131,196,14
1132,196,15
1133,197,1
1134,197,8
1135,197,10
1136,197,14
1137,197,15
1138,198,11
1139,199,7
1140,199,8
1141,199,11
1142,199,12
1143,200,6
1144,201,3
1145,201,8
1146,201,10
1147,201,11
1148,201,12
1149,201,14
1150,202,1
1151,202,2
1152,202,11
1153,202,17
1154,203,5
1155,203,7
1156,203,8
1157,203,9
1158,203,11
1159,203,12
1160,203,14
1161,204,3
1162,204,7
1163,204,8
1164,204,11
1165,204,12
1166,204,14
1167,204,15
1168,205,2
1169,205,11
1170,205,17
1171,206,2
1172,206,7
1173,206,8
1174,206,16
1175,207,8
1176,207,9
1177,207,10
1178,207,12
1179,207,13
1180,207,14
1181,207,15
1182,208,3
1183,208,5
1184,208,6
1185,208,7
1186,208,8
1187,208,13
1188,208,14
1189,208,16
1190,208,18
1191,209,2
1192,209,5
1193,209,6
1194,209,8
1195,209,9
1196,209,13
1197,209,14
1198,209,18
1199,210,5
1200,210,6
1201,210,10
1202,210,14
1203,210,16
1204,210,18
1205,211,7
1206,211,8
1207,211,10
1208,211,11
1209,211,12
1210,211,13
1211,211,14
1212,212,2
1213,212,5
1214,212,8
1215,212,9
1216,212,11
1217,212,12
1218,212,13
1219,212,14
1220,212,16
1221,213,1
1222,213,2
1223,213,3
1224,213,4
1225,213,5
1226,213,7
1227,213,8
1228,213,9
1229,213,11
1230,213,12
1231,213,13
1232,213,14
1233,213,16
1234,213,17
1235,214,1
1236,214,2
1237,214,6
1238,214,7
1239,214,8
1240,214,11
1241,214,12
1242,214,13
1243,214,14
1244,214,16
1245,214,17
1246,215,5
1247,215,8
1248,215,13
1249,215,14
1250,215,15
1251,215,18
1252,216,1
1253,216,2
1254,216,6
1255,216,7
1256,216,8
1257,216,10
1258,216,11
1259,216,15
1260,216,17
1261,217,8
1262,217,9
1263,217,13
1264,217,14
1265,217,15
1266,218,11
1267,218,16
1268,219,1
1269,219,8
1270,219,9
1271,220,2
1272,220,6
1273,220,7
1274,220,14
1275,220,15
1276,221,1
1277,221,7
1278,221,11
1279,222,1
1280,222,2
1281,222,11
1282,222,17
1283,223,2
1284,223,5
1285,223,11
1286,223,12
1287,223,13
1288,223,15
1289,224,2
1290,224,3
1291,224,5
1292,224,8
1293,224,9
1294,224,10
1295,224,11
1296,224,12
1297,224,13
1298,224,14
1299,224,15
1300,224,17
1301,225,4
1302,225,5
1303,225,7
1304,225,8
1305,225,13
1306,226,7
1307,226,11
1308,226,13
1309,226,16
1310,227,5
1311,227,6
1312,227,7
1313,227,8
1314,227,10
1315,227,15
1316,228,1
1317,228,5
1318,228,6
1319,228,8
1320,228,10
1321,228,12
1322,228,13
1323,228,14
1324,228,15
1325,229,1
1326,229,2
1327,229,3
1328,229,4
1329,229,7
1330,229,8
1331,229,11
1332,230,3
1333,230,5
1334,230,8
1335,230,13
1336,230,15
1337,230,16
1338,231,3
1339,231,5
1340,231,13
1341,231,14
1342,231,15
1343,232,2
1344,232,4
1345,232,7
1346,232,10
1347,232,12
1348,233,3
1349,233,4
1350,233,5
1351,233,6
1352,233,7
1353,233,11
1354,233,16
1355,234,7
1356,234,8
1357,234,14
1358,234,16
1359,235,4
1360,235,5
1361,235,12
1362,235,13
1363,235,16
1364,236,1
1365,236,2
1366,236,5
1367,236,7
1368,236,8
1369,236,9
1370,236,10
1371,236,11
1372,236,12
1373,236,14
1374,236,16
1375,236,17
1376,237,1
1377,237,2
1378,237,3
1379,237,7
1380,237,8
1381,237,9
1382,237,10
1383,237,12
1384,237,15
1385,237,16
1386,238,8
1387,238,9
1388,238,14
1389,238,16
1390,239,6
1391,239,7
1392,239,8
1393,239,12
1394,239,14
1395,239,16
1396,240,1
1397,240,2
1398,240,7
1399,240,11
1400,240,12
1401,240,16
1402,241,7
1403,241,11
1404,241,16
1405,242,2
1406,242,5
1407,242,8
1408,242,13
1409,242,14
1410,242,15
1411,242,18
1412,243,1
1413,244,1
1414,244,6
1415,244,11
1416,244,18
1417,245,6
1418,245,7
1419,245,8
1420,245,16
1421,246,5
1422,246,6
1423,246,7
1424,246,8
1425,246,10
1426,246,13
1427,246,14
1428,246,15
1429,247,2
1430,247,4
1431,247,6
1432,247,7
1433,247,8
1434,247,14
1435,247,16
1436,248,8
1437,248,10
1438,248,11
1439,248,12
1440,248,13
1441,248,14
1442,248,15
1443,249,5
1444,249,7
1445,249,8
1446,249,12
1447,249,13
1448,249,14
1449,249,16
1450,249,18
1451,250,5
1452,250,6
1453,250,8
1454,250,12
1455,250,13
1456,250,15
1457,250,16
1458,251,2
1459,251,5
1460,251,7
1461,251,8
1462,251,9
1463,251,11
1464,252,3
1465,252,4
1466,252,5
1467,252,6
1468,252,7
1469,252,8
1470,252,9
1471,252,10
1472,252,13
1473,252,14
1474,252,15
1475,252,16
1476,252,18
1477,253,7
1478,253,11
1479,253,12
1480,253,16
1481,254,1
1482,254,2
1483,254,6
1484,254,7
1485,254,8
1486,254,10
1487,254,11
1488,254,12
1489,254,16
1490,254,17
1491,255,7
1492,255,8
1493,255,15
1494,255,16
1495,255,18
1496,257,2
1497,257,6
1498,257,7
1499,257,11
1500,257,14
1501,257,16
1502,258,3
1503,258,4
1504,258,5
1505,258,6
1506,258,8
1507,258,9
1508,258,13
1509,258,14
1510,258,15
1511,258,16
1512,258,18
1513,259,3
1514,259,7
1515,259,16
1516,260,2
1517,260,7
1518,260,8
1519,260,11
1520,260,17
1521,261,1
1522,261,5
1523,261,8
1524,261,9
1525,261,13
1526,261,15
1527,262,8
1528,262,14
1529,262,16
1530,262,18
1531,264,2
1532,264,7
1533,265,1
1534,265,3
1535,265,5
1536,265,6
1537,265,8
1538,265,13
1539,265,15
1540,265,18
1541,266,1
1542,266,2
1543,266,6
1544,266,7
1545,266,8
1546,266,11
1547,266,14
1548,266,16
1549,267,7
1550,267,8
1551,267,11
1552,267,12
1553,268,7
1554,268,11
1555,269,7
1556,269,8
1557,269,13
1558,269,16
1559,270,2
1560,270,4
1561,270,5
1562,270,8
1563,270,9
1564,270,10
1565,271,7
1566,271,16
1567,272,5
1568,272,6
1569,272,8
1570,272,10
1571,272,16
1572,272,18
1573,273,7
1574,273,8
1575,273,9
1576,273,10
1577,273,11
1578,273,12
1579,273,13
1580,273,14
1581,273,15
1582,274,2
1583,274,7
1584,274,8
1585,274,9
1586,274,10
1587,274,11
1588,274,12
1589,274,13
1590,274,14
1591,274,15
1592,275,3
1593,275,5
1594,275,8
1595,275,9
1596,275,10
1597,275,12
1598,275,13
1599,275,15
1600,275,18
1601,276,2
1602,276,5
1603,276,6
1604,276,7
1605,276,8
1606,276,10
1607,276,11
1608,276,12
1609,276,13
1610,276,14
1611,276,15
1612,276,16
1613,276,17
1614,277,1
1615,277,2
1616,277,7
1617,277,11
1618,277,14
1619,278,4
1620,278,5
1621,278,6
1622,278,8
1623,278,9
1624,278,13
1625,278,16
1626,278,17
1627,279,1
1628,279,2
1629,279,4
1630,279,7
1631,279,8
1632,279,9
1633,279,14
1634,280,7
1635,280,8
1636,280,14
1637,281,1
1638,281,3
1639,281,5
1640,281,8
1641,281,11
1642,281,12
1643,281,15
1644,281,16
1645,282,2
1646,282,7
1647,283,2
1648,283,6
1649,283,8
1650,283,9
1651,283,15
1652,283,16
1653,283,17
1654,284,2
1655,284,5
1656,284,8
1657,284,9
1658,284,10
1659,284,11
1660,284,12
1661,284,13
1662,284,14
1663,284,16
1664,286,2
1665,286,7
1666,286,8
1667,286,10
1668,286,11
1669,286,13
1670,288,1
1671,288,7
1672,288,8
1673,288,18
1674,289,5
1675,289,7
1676,289,8
1677,289,11
1678,289,12
1679,289,15
1680,289,16
1681,290,7
1682,290,8
1683,290,10
1684,290,11
1685,290,15
1686,291,2
1687,291,11
1688,291,12
1689,291,16
1690,291,17
1691,292,2
1692,292,6
1693,292,7
1694,292,8
1695,292,11
1696,292,14
1697,293,2
1698,293,6
1699,293,7
1700,293,8
1701,293,11
1702,293,13
1703,293,14
1704,293,16
1705,294,8
1706,294,9
1707,294,10
1708,294,12
1709,294,14
1710,295,1
1711,295,2
1712,295,6
1713,295,7
1714,295,8
1715,295,16
1716,296,5
1717,296,6
1718,296,8
1719,296,9
1720,296,10
1721,296,12
1722,296,15
1723,297,5
1724,297,8
1725,297,10
1726,297,12
1727,297,13
1728,297,15
1729,297,16
1730,298,4
1731,298,7
1732,298,8
1733,298,12
1734,298,14
1735,298,15
1736,298,18
1737,299,1
1738,299,2
1739,299,7
1740,299,12
1741,299,17
1742,300,15
1743,300,17
1744,301,2
1745,301,7
1746,301,11
1747,301,12
1748,301,13
1749,301,14
1750,301,16
1751,302,2
1752,302,6
1753,302,8
1754,302,11
1755,302,12
1756,303,3
1757,303,5
1758,303,8
1759,303,9
1760,303,15
1761,303,18
1762,304,5
1763,304,8
1764,304,9
1765,304,18
1766,305,1
1767,305,2
1768,305,3
1769,305,6
1770,305,7
1771,305,8
1772,305,11
1773,305,14
1774,305,16
1775,306,1
1776,306,4
1777,306,6
1778,306,7
1779,306,8
1780,306,9
1781,306,11
1782,306,16
1783,307,5
1784,307,6
1785,307,7
1786,307,8
1787,308,8
1788,308,14
1789,308,15
1790,309,1
1791,309,2
1792,309,8
1793,309,10
1794,309,11
1795,309,12
1796,309,13
1797,309,14
1798,309,15
1799,309,16
1800,309,17
1801,310,3
1802,310,6
1803,310,8
1804,310,9
1805,310,13
1806,310,14
1807,311,1
1808,311,2
1809,311,7
1810,311,17
1811,312,2
1812,312,8
1813,312,11
1814,312,14
1815,313,1
1816,313,2
1817,313,7
1818,313,8
1819,313,17
1820,314,1
1821,314,2
1822,314,3
1823,314,5
1824,314,6
1825,314,7
1826,314,8
1827,314,11
1828,314,12
1829,314,13
1830,314,16
1831,314,18
1832,315,1
1833,315,8
1834,316,1
1835,316,5
1836,316,7
1837,316,11
1838,316,14
1839,316,16
1840,317,1
1841,317,2
1842,317,3
1843,317,4
1844,317,5
1845,317,6
1846,317,7
1847,317,8
1848,317,9
1849,317,10
1850,317,12
1851,317,13
1852,317,14
1853,317,15
1854,317,16
1855,317,17
1856,317,18
1857,318,7
1858,319,2
1859,319,17
1860,320,2
1861,320,8
1862,320,16
1863,320,17
1864,321,4
1865,321,13
1866,321,14
1867,322,2
1868,322,5
1869,322,6
1870,322,7
1871,322,8
1872,322,13
1873,322,15
1874,322,16
1875,323,1
1876,323,8
1877,323,9
1878,323,15
1879,323,17
1880,324,4
1881,324,6
1882,324,7
1883,324,8
1884,324,11
1885,324,14
1886,324,16
1887,325,5
1888,325,8
1889,325,9
1890,325,10
1891,325,14
1892,325,15
1893,326,4
1894,326,5
1895,326,6
1896,326,7
1897,326,8
1898,326,18
1899,327,2
1900,327,7
1901,328,2
1902,328,3
1903,328,7
1904,328,8
1905,328,9
1906,328,10
1907,328,11
1908,328,12
1909,328,14
1910,328,17
1911,329,1
1912,329,7
1913,329,8
1914,330,5
1915,330,6
1916,330,7
1917,330,11
1918,330,12
1919,330,14
1920,331,1
1921,331,4
1922,331,8
1923,331,9
1924,331,10
1925,331,12
1926,331,15
1927,332,2
1928,332,7
1929,332,8
1930,332,11
1931,333,2
1932,333,5
1933,333,8
1934,333,15
1935,334,1
1936,334,8
1937,334,11
1938,334,13
1939,334,14
1940,334,17
1941,335,6
1942,335,16
1943,336,6
1944,336,7
1945,336,8
1946,337,13
1947,337,15
1948,337,16
1949,338,1
1950,338,2
1951,338,7
1952,338,8
1953,338,11
1954,338,12
1955,338,13
1956,338,17
1957,339,1
1958,339,7
1959,339,17
1960,340,2
1961,340,11
1962,340,17
1963,341,5
1964,341,8
1965,342,5
1966,342,8
1967,342,9
1968,342,10
1969,342,14
1970,342,15
1971,343,5
1972,343,15
1973,344,1
1974,344,11
1975,344,17
1976,345,6
1977,345,11
1978,345,12
1979,345,16
1980,346,1
1981,346,3
1982,346,6
1983,346,7
1984,346,8
1985,346,14
1986,346,16
1987,347,3
1988,347,4
1989,347,7
1990,347,14
1991,348,2
1992,348,7
1993,348,8
1994,348,10
1995,349,1
1996,349,11
1997,349,12
1998,349,17
1999,350,1
2000,350,7
2001,350,8
2002,350,9
2003,350,10
2004,351,1
2005,351,3
2006,351,5
2007,351,6
2008,351,7
2009,351,13
2010,351,14
2011,351,18
2012,352,1
2013,352,2
2014,352,7
2015,352,17
2016,353,2
2017,353,7
2018,353,8
2019,354,4
2020,354,5
2021,354,7
2022,354,8
2023,354,10
2024,354,12
2025,354,13
2026,354,14
2027,354,15
2028,355,1
2029,355,8
2030,355,9
2031,355,14
2032,356,7
2033,356,11
2034,356,15
2035,357,5
2036,357,6
2037,357,7
2038,357,8
2039,357,18
2040,358,1
2041,358,7
2042,358,11
2043,359,1
2044,359,4
2045,359,5
2046,359,6
2047,359,7
2048,359,8
2049,359,11
2050,359,12
2051,359,14
2052,360,1
2053,360,8
2054,360,9
2055,360,11
2056,360,16
2057,361,2
2058,361,8
2059,361,14
2060,362,2
2061,362,4
2062,362,7
2063,362,11
2064,362,12
2065,363,2
2066,363,7
2067,363,8
2068,363,11
2069,363,12
2070,363,14
2071,364,3
2072,364,4
2073,364,5
2074,364,8
2075,364,9
2076,364,12
2077,364,13
2078,365,5
2079,365,6
2080,365,8
2081,365,9
2082,365,10
2083,365,12
2084,365,14
2085,365,16
2086,365,18
2087,366,5
2088,366,6
2089,366,8
2090,366,10
2091,366,12
2092,366,14
2093,366,15
2094,366,16
2095,366,18
2096,367,1
2097,367,2
2098,367,7
2099,367,8
2100,367,9
2101,367,14
2102,368,5
2103,368,8
2104,368,9
2105,368,10
2106,368,12
2107,368,13
2108,368,14
2109,368,15
2110,368,18
2111,369,7
2112,369,8
2113,370,5
2114,370,7
2115,370,8
2116,370,9
2117,370,10
2118,370,13
2119,370,14
2120,370,15
2121,371,1
2122,371,2
2123,371,7
2124,371,12
2125,371,16
2126,372,2
2127,372,9
2128,372,17
2129,373,1
2130,373,5
2131,373,7
2132,373,8
2133,373,11
2134,373,16
2135,374,2
2136,374,3
2137,374,4
2138,374,5
2139,374,6
2140,374,7
2141,374,8
2142,374,13
2143,374,14
2144,374,16
2145,374,18
2146,375,1
2147,375,8
2148,375,10
2149,375,12
2150,375,15
2151,375,17
2152,376,1
2153,376,7
2154,377,2
2155,377,7
2156,378,2
2157,378,7
2158,378,8
2159,378,11
2160,379,1
2161,379,7
2162,379,11
2163,380,5
2164,380,8
2165,380,9
2166,380,13
2167,380,14
2168,380,15
2169,381,1
2170,381,2
2171,381,6
2172,381,7
2173,381,8
2174,381,11
2175,381,12
2176,382,2
2177,382,3
2178,382,5
2179,382,6
2180,382,7
2181,382,8
2182,382,13
2183,382,16
2184,382,18
2185,383,1
2186,383,2
2187,383,7
2188,383,8
2189,383,11
2190,383,14
2191,383,16
2192,383,17
2193,384,1
2194,384,5
2195,384,8
2196,384,18
2197,385,2
2198,385,4
2199,385,7
2200,385,11
2201,385,16
2202,385,17
2203,386,6
2204,386,8
2205,386,10
2206,386,15
2207,387,1
2208,387,8
2209,387,9
2210,387,11
2211,387,12
2212,387,13
2213,387,14
2214,387,15
2215,388,2
2216,388,3
2217,388,4
2218,388,5
2219,388,6
2220,388,7
2221,388,8
2222,388,11
2223,388,12
2224,388,13
2225,388,14
2226,388,15
2227,388,16
2228,389,7
2229,389,8
2230,389,11
2231,389,12
2232,389,17
2233,390,2
2234,390,6
2235,390,7
2236,390,11
2237,390,12
2238,390,16
2239,391,3
2240,391,5
2241,391,6
2242,391,7
2243,391,8
2244,391,11
2245,391,12
2246,391,13
2247,391,14
2248,391,16
2249,392,1
2250,392,13
2251,392,16
2252,393,15
2253,394,1
2254,395,1
2255,395,2
2256,395,7
2257,395,11
2258,395,16
2259,396,1
2260,396,9
2261,397,8
2262,398,1
2263,398,8
2264,398,9
2265,398,14
2266,398,15
2267,398,17
2268,399,3
2269,399,5
2270,399,6
2271,399,13
2272,399,18
2273,400,3
2274,400,7
2275,400,11
2276,400,16
2277,401,1
2278,401,11
2279,401,12
2280,401,14
2281,401,16
2282,401,17
2283,402,1
2284,402,3
2285,402,5
2286,402,6
2287,402,7
2288,402,8
2289,402,10
2290,402,12
2291,402,15
2292,402,18
2293,403,2
2294,403,7
2295,403,17
2296,404,8
2297,404,9
2298,405,2
2299,405,3
2300,405,5
2301,405,7
2302,405,8
2303,405,9
2304,406,6
2305,406,8
2306,406,12
2307,406,14
2308,407,2
2309,407,3
2310,407,4
2311,407,5
2312,407,7
2313,407,8
2314,407,10
2315,407,14
2316,407,15
2317,407,17
2318,408,11
2319,408,13
2320,409,2
2321,409,3
2322,409,5
2323,409,6
2324,409,7
2325,409,8
2326,409,13
2327,409,14
2328,409,16
2329,409,17
2330,409,18
2331,410,2
2332,410,13
2333,411,1
2334,411,3
2335,411,5
2336,411,6
2337,411,13
2338,411,14
2339,411,16
2340,411,18
2341,412,1
2342,412,2
2343,412,4
2344,412,6
2345,412,7
2346,412,8
2347,412,11
2348,412,14
2349,412,17
2350,413,1
2351,413,2
2352,413,7
2353,413,8
2354,413,10
2355,413,11
2356,413,14
2357,414,6
2358,414,7
2359,414,8
2360,414,11
2361,414,13
2362,414,16
2363,415,1
2364,415,8
2365,415,9
2366,415,17
2367,416,2
2368,416,7
2369,416,8
2370,416,9
2371,416,10
2372,416,14
2373,417,2
2374,417,5
2375,417,7
2376,417,14
2377,417,15
2378,418,7
2379,418,8
2380,418,11
2381,418,14
2382,419,2
2383,419,5
2384,419,7
2385,419,17
2386,420,1
2387,420,9
2388,420,10
2389,420,12
2390,420,14
2391,420,15
2392,421,2
2393,421,3
2394,421,7
2395,421,16
2396,422,2
2397,422,4
2398,422,5
2399,422,6
2400,422,7
2401,422,8
2402,422,13
2403,422,14
2404,422,15
2405,422,18
2406,423,1
2407,423,8
2408,423,10
2409,424,5
2410,424,6
2411,424,7
2412,424,8
2413,424,13
2414,425,1
2415,425,2
2416,425,6
2417,425,7
2418,425,11
2419,425,16
2420,425,17
2421,426,7
2422,426,8
2423,427,1
2424,427,2
2425,427,11
2426,427,13
2427,427,17
2428,428,7
2429,428,8
2430,428,10
2431,428,12
2432,428,14
2433,428,15
2434,429,8
2435,429,9
2436,429,13
2437,429,14
2438,429,15
2439,430,5
2440,430,13
2441,430,15
2442,430,18
2443,431,2
2444,431,5
2445,431,6
2446,431,7
2447,431,10
2448,432,1
2449,432,8
2450,432,9
2451,432,10
2452,433,1
2453,433,5
2454,433,7
2455,433,8
2456,433,12
2457,433,16
2458,434,2
2459,434,16
2460,434,17
2461,434,18
2462,435,8
2463,435,9
2464,435,14
2465,435,15
2466,436,2
2467,436,3
2468,436,4
2469,436,6
2470,436,7
2471,436,8
2472,436,10
2473,436,15
2474,437,1
2475,437,2
2476,437,7
2477,437,11
2478,437,16
2479,437,17
2480,438,8
2481,438,9
2482,438,14
2483,439,7
2484,439,8
2485,439,16
2486,440,17
2487,441,7
2488,441,8
2489,441,9
2490,441,10
2491,441,11
2492,442,1
2493,442,2
2494,442,7
2495,442,11
2496,442,17
2497,443,2
2498,443,5
2499,443,7
2500,443,8
2501,443,14
2502,443,17
2503,444,7
2504,444,16
2505,445,2
2506,445,4
2507,445,7
2508,445,8
2509,445,10
2510,445,12
2511,445,13
2512,445,14
2513,446,5
2514,447,1
2515,447,4
2516,447,9
2517,447,10
2518,447,12
2519,447,13
2520,447,14
2521,447,15
2522,447,17
2523,448,2
2524,448,7
2525,448,11
2526,448,16
2527,449,2
2528,449,11
2529,449,17
2530,450,6
2531,451,2
2532,451,7
2533,451,8
2534,451,11
2535,451,14
2536,452,6
2537,452,8
2538,452,14
2539,452,16
2540,453,1
2541,453,2
2542,453,5
2543,453,7
2544,453,18
2545,454,7
2546,454,8
2547,455,2
2548,455,7
2549,455,14
2550,456,1
2551,456,6
2552,456,8
2553,456,14
2554,456,16
2555,457,1
2556,457,7
2557,457,8
2558,457,10
2559,457,12
2560,457,13
2561,457,14
2562,457,15
2563,458,2
2564,458,7
2565,458,8
2566,458,10
2567,458,17
2568,459,1
2569,459,10
2570,459,11
2571,459,12
2572,460,1
2573,460,2
2574,460,7
2575,460,8
2576,460,17
2577,461,2
2578,461,3
2579,461,4
2580,461,5
2581,461,6
2582,461,7
2583,461,11
2584,461,14
2585,461,15
2586,461,16
2587,461,17
2588,461,18
2589,462,12
2590,462,15
2591,463,1
2592,463,8
2593,463,10
2594,463,11
2595,463,12
2596,464,3
2597,464,16
2598,464,18
2599,465,8
2600,465,10
2601,465,15
2602,466,7
2603,466,15
2604,466,16
2605,467,1
2606,467,2
2607,467,8
2608,467,10
2609,467,14
2610,467,16
2611,468,6
2612,468,12
2613,468,13
2614,468,16
2615,469,7
2616,469,11
2617,469,17
2618,470,2
2619,470,11
2620,471,4
2621,471,5
2622,471,7
2623,471,8
2624,471,11
2625,471,12
2626,471,13
2627,471,14
2628,472,1
2629,472,2
2630,472,7
2631,472,11
2632,472,12
2633,472,14
2634,472,15
2635,472,17
2636,473,2
2637,473,7
2638,474,2
2639,474,8
2640,474,9
2641,474,10
2642,474,12
2643,474,14
2644,474,15
2645,475,4
2646,475,7
2647,476,8
2648,476,9
2649,476,15
2650,477,2
2651,477,7
2652,477,11
2653,477,17
2654,478,4
2655,478,5
2656,478,6
2657,478,8
2658,478,9
2659,478,10
2660,478,12
2661,478,14
2662,478,16
2663,479,5
2664,479,7
2665,479,8
2666,479,9
2667,479,13
2668,479,14
2669,479,15
2670,479,16
2671,480,6
2672,480,8
2673,480,14
2674,480,15
2675,481,1
2676,481,2
2677,481,7
2678,481,8
2679,481,14
2680,481,15
2681,482,8
2682,482,10
2683,482,13
2684,482,14
2685,482,16
2686,483,1
2687,483,2
2688,483,4
2689,483,6
2690,483,7
2691,483,8
2692,483,11
2693,483,13
2694,483,14
2695,483,15
2696,483,16
2697,483,17
2698,483,18
2699,484,1
2700,484,2
2701,484,3
2702,484,5
2703,484,9
2704,484,13
2705,484,14
2706,484,15
2707,484,17
2708,484,18
2709,485,1
2710,485,8
2711,485,10
2712,485,11
2713,485,12
2714,486,1
2715,486,5
2716,486,7
2717,486,8
2718,486,10
2719,486,13
2720,486,16
2721,487,7
2722,487,8
2723,488,2
2724,488,7
2725,488,8
2726,488,13
2727,488,14
2728,488,15
2729,488,16
2730,489,2
2731,489,7
2732,490,1
2733,490,2
2734,491,3
2735,491,5
2736,491,6
2737,491,8
2738,491,13
2739,491,14
2740,491,15
2741,491,18
2742,492,1
2743,492,8
2744,492,10
2745,492,12
2746,492,14
2747,492,15
2748,493,11
2749,493,16
2750,493,17
2751,494,7
2752,494,8
2753,494,16
2754,495,1
2755,495,5
2756,495,6
2757,495,8
2758,495,14
2759,495,15
2760,496,2
2761,496,7
2762,496,11
2763,496,16
2764,497,6
2765,497,8
2766,497,12
2767,497,13
2768,497,14
2769,497,15
2770,498,8
2771,498,10
2772,498,14
2773,498,15
2774,499,4
2775,499,5
2776,499,6
2777,499,14
2778,499,16
2779,499,18
2780,500,1
2781,500,5
2782,500,6
2783,500,7
2784,500,8
2785,500,13
2786,500,14
2787,500,16
2788,500,18
2789,501,8
2790,501,15
2791,502,1
2792,502,3
2793,502,7
2794,502,8
2795,502,10
2796,503,3
2797,503,5
2798,503,8
2799,503,14
2800,503,15
2801,503,16
2802,503,17
2803,503,18
2804,504,2
2805,504,3
2806,504,5
2807,504,7
2808,504,8
2809,504,13
2810,504,14
2811,504,16
2812,505,1
2813,505,2
2814,505,5
2815,505,8
2816,505,10
2817,505,13
2818,505,14
2819,506,5
2820,506,6
2821,506,7
2822,506,8
2823,506,16
2824,506,17
2825,506,18
2826,507,2
2827,507,7
2828,507,11
2829,508,1
2830,508,3
2831,508,8
2832,508,10
2833,508,14
2834,508,15
2835,509,1
2836,509,11
2837,510,1
2838,510,3
2839,510,6
2840,510,12
2841,510,13
2842,510,14
2843,510,15
2844,510,16
2845,511,4
2846,511,5
2847,511,8
2848,511,14
2849,511,15
2850,512,1
2851,512,2
2852,512,3
2853,512,6
2854,512,7
2855,512,11
2856,512,17
2857,513,2
2858,513,5
2859,513,6
2860,513,7
2861,513,8
2862,513,11
2863,513,12
2864,513,13
2865,513,18
2866,514,11
2867,514,12
2868,514,13
2869,515,3
2870,515,17
2871,516,1
2872,516,8
2873,516,9
2874,516,10
2875,517,3
2876,517,4
2877,517,8
2878,517,14
2879,518,1
2880,518,2
2881,518,6
2882,518,7
2883,518,8
2884,518,9
2885,518,15
2886,519,1
2887,519,2
2888,519,7
2889,519,8
2890,519,9
2891,519,11
2892,519,17
2893,520,5
2894,520,6
2895,520,7
2896,520,8
2897,520,11
2898,520,16
2899,520,17
2900,520,18
2901,521,1
2902,521,2
2903,521,7
2904,521,8
2905,521,11
2906,521,16
2907,521,17
2908,521,18
2909,522,1
2910,522,2
2911,522,11
2912,522,12
2913,522,17
2914,523,7
2915,523,11
2916,523,12
2917,523,16
2918,524,2
2919,524,3
2920,524,5
2921,524,6
2922,524,7
2923,524,13
2924,524,14
2925,524,16
2926,525,2
2927,525,7
2928,525,16
2929,525,17
2930,526,2
2931,526,14
2932,527,5
2933,527,8
2934,527,9
2935,527,10
2936,527,12
2937,527,15
2938,528,1
2939,528,8
2940,529,1
2941,529,7
2942,529,8
2943,529,9
2944,529,10
2945,529,11
2946,529,12
2947,529,14
2948,530,1
2949,530,7
2950,530,8
2951,530,12
2952,530,13
2953,530,14
2954,530,15
2955,530,16
2956,531,1
2957,531,5
2958,531,7
2959,531,8
2960,531,11
2961,531,14
2962,532,8
2963,532,15
2964,533,3
2965,533,7
2966,533,15
2967,534,1
2968,534,3
2969,534,4
2970,534,5
2971,534,8
2972,534,9
2973,534,14
2974,534,15
2975,535,2
2976,535,7
2977,535,8
2978,535,12
2979,535,13
2980,535,16
2981,535,17
2982,536,8
2983,536,14
2984,536,15
2985,537,7
2986,537,11
2987,537,12
2988,537,13
2989,537,16
2990,538,4
2991,538,5
2992,538,6
2993,538,7
2994,538,8
2995,538,10
2996,538,11
2997,538,13
2998,538,14
2999,538,16
3000,538,17
3001,539,1
3002,539,7
3003,539,11
3004,539,17
3005,540,5
3006,540,8
3007,540,15
3008,541,7
3009,541,8
3010,541,9
3011,541,10
3012,541,11
3013,542,5
3014,542,7
3015,542,8
3016,542,9
3017,542,15
3018,542,18
3019,543,3
3020,543,5
3021,543,6
3022,543,7
3023,543,8
3024,543,11
3025,543,12
3026,543,14
3027,543,18
3028,544,1
3029,544,11
3030,545,2
3031,545,7
3032,545,8
3033,545,10
3034,545,11
3035,545,12
3036,545,13
3037,545,15
3038,545,16
3039,546,1
3040,546,2
3041,546,5
3042,546,7
3043,546,8
3044,546,9
3045,546,13
3046,546,14
3047,546,15
3048,546,16
3049,546,17
3050,547,1
3051,547,5
3052,547,6
3053,547,8
3054,547,9
3055,547,14
3056,547,15
3057,549,5
3058,549,6
3059,549,7
3060,549,8
3061,549,12
3062,549,13
3063,549,14
3064,549,15
3065,549,16
3066,549,18
3067,550,1
3068,550,3
3069,550,5
3070,550,8
3071,550,9
3072,550,14
3073,550,18
3074,551,8
3075,551,14
3076,551,15
3077,552,1
3078,552,2
3079,552,7
3080,552,11
3081,552,16
3082,552,17
3083,553,3
3084,553,4
3085,553,8
3086,553,14
3087,553,15
3088,554,1
3089,554,7
3090,555,8
3091,555,12
3092,555,13
3093,555,15
3094,555,16
3095,556,2
3096,556,3
3097,557,3
3098,557,6
3099,558,1
3100,558,2
3101,558,7
3102,558,11
3103,558,12
3104,558,16
3105,559,7
3106,559,11
3107,560,7
3108,560,8
3109,560,12
3110,560,13
3111,560,14
3112,561,6
3113,561,7
3114,561,16
3115,562,2
3116,562,8
3117,562,11
3118,563,1
3119,563,2
3120,563,5
3121,563,7
3122,563,9
3123,563,10
3124,563,11
3125,563,12
3126,563,14
3127,563,16
3128,564,2
3129,564,5
3130,564,7
3131,564,8
3132,564,11
3133,564,13
3134,564,14
3135,564,16
3136,564,17
3137,565,1
3138,565,2
3139,565,7
3140,565,11
3141,566,1
3142,566,2
3143,566,7
3144,566,8
3145,566,11
3146,567,1
3147,567,2
3148,567,8
3149,567,10
3150,568,2
3151,568,7
3152,569,11
3153,570,1
3154,570,2
3155,570,12
3156,571,1
3157,571,2
3158,571,7
3159,572,2
3160,572,3
3161,574,1
3162,574,2
3163,574,7
3164,574,11
3165,574,17
3166,575,5
3167,576,8
3168,576,15
3169,576,17
3170,577,1
3171,577,2
3172,577,17
3173,578,1
3174,578,3
3175,578,5
3176,578,6
3177,578,8
3178,578,15
3179,578,16
3180,579,4
3181,579,6
3182,579,11
3183,579,12
3184,580,1
3185,580,2
3186,580,6
3187,581,6
3188,581,7
3189,581,11
3190,581,14
3191,581,16
3192,582,2
3193,582,5
3194,582,7
3195,582,8
3196,582,9
3197,582,13
3198,582,14
3199,582,17
3200,583,11
3201,584,1
3202,584,6
3203,584,8
3204,584,10
3205,584,11
3206,584,12
3207,584,15
3208,584,17
3209,585,2
3210,585,11
3211,585,12
3212,585,13
3213,585,17
3214,586,1
3215,586,6
3216,586,7
3217,586,8
3218,586,11
3219,586,13
3220,586,14
3221,587,2
3222,587,7
3223,587,16
3224,587,17
3225,588,8
3226,588,13
3227,588,14
3228,588,16
3229,588,17
3230,589,1
3231,589,2
3232,589,4
3233,589,5
3234,589,9
3235,589,15
3236,589,17
3237,590,8
3238,590,9
3239,590,10
3240,590,12
3241,591,2
3242,591,6
3243,591,11
3244,591,16
3245,592,1
3246,592,6
3247,592,8
3248,592,9
3249,592,10
3250,592,14
3251,593,6
3252,593,8
3253,593,9
3254,593,12
3255,593,13
3256,593,14
3257,593,16
3258,594,6
3259,594,7
3260,594,11
3261,594,13
3262,594,16
3263,595,7
3264,595,11
3265,595,16
3266,595,17
3267,596,5
3268,596,8
3269,596,12
3270,596,15
3271,596,16
3272,597,5
3273,597,8
3274,597,10
3275,597,13
3276,597,15
3277,598,1
3278,598,8
3279,598,9
3280,598,10
3281,598,12
3282,599,2
3283,599,7
3284,599,11
3285,599,12
3286,599,17
3287,600,1
3288,600,2
3289,600,7
3290,600,8
3291,600,11
3292,600,14
3293,601,2
3294,601,8
3295,601,10
3296,601,11
3297,601,16
3298,602,1
3299,602,2
3300,602,4
3301,602,7
3302,602,8
3303,602,11
3304,602,12
3305,602,14
3306,602,15
3307,603,5
3308,603,7
3309,603,8
3310,603,9
3311,603,11
3312,603,12
3313,603,15
3314,603,17
3315,604,3
3316,604,5
3317,604,8
3318,604,13
3319,604,14
3320,604,15
3321,604,16
3322,605,1
3323,605,2
3324,605,7
3325,605,8
3326,605,9
3327,605,13
3328,605,14
3329,606,1
3330,606,6
3331,606,7
3332,606,8
3333,606,11
3334,606,13
3335,606,15
3336,606,16
3337,606,17
3338,607,7
3339,607,8
3340,607,10
3341,607,11
3342,607,12
3343,607,15
3344,608,3
3345,608,4
3346,608,8
3347,608,10
3348,608,14
3349,609,7
3350,609,8
3351,610,7
3352,610,14
3353,610,16
3354,611,1
3355,611,3
3356,611,5
3357,611,7
3358,611,10
3359,611,11
3360,611,12
3361,611,13
3362,611,14
3363,611,15
3364,611,16
3365,611,18
3366,612,5
3367,612,11
3368,612,17
3369,613,1
3370,613,7
3371,613,8
3372,613,9
3373,613,13
3374,613,14
3375,613,15
3376,614,7
3377,615,2
3378,615,8
3379,615,11
3380,615,12
3381,615,16
3382,615,17
3383,616,8
3384,616,11
3385,616,13
3386,616,15
3387,616,16
3388,617,2
3389,617,7
3390,617,8
3391,617,12
3392,617,13
3393,617,17
3394,618,5
3395,618,6
3396,618,7
3397,618,8
3398,618,13
3399,618,15
3400,619,2
3401,619,4
3402,619,5
3403,619,8
3404,619,12
3405,619,14
3406,619,16
3407,619,17
3408,620,4
3409,620,5
3410,620,6
3411,620,8
3412,620,16
3413,620,18
3414,621,1
3415,621,2
3416,621,3
3417,621,5
3418,621,6
3419,621,7
3420,621,8
3421,621,11
3422,621,12
3423,621,13
3424,621,16
3425,621,18
3426,622,5
3427,622,6
3428,622,18
3429,623,5
3430,623,7
3431,623,8
3432,623,11
3433,624,2
3434,624,9
3435,624,15
3436,624,17
3437,625,2
3438,625,3
3439,625,4
3440,625,5
3441,625,6
3442,625,7
3443,625,8
3444,625,10
3445,625,12
3446,625,13
3447,625,14
3448,625,17
3449,626,1
3450,626,11
3451,626,12
3452,627,7
3453,627,8
3454,627,11
3455,627,14
3456,628,1
3457,628,2
3458,628,7
3459,628,11
3460,628,14
3461,628,16
3462,629,2
3463,629,11
3464,629,12
3465,629,13
3466,629,17
3467,630,1
3468,630,2
3469,630,3
3470,630,6
3471,630,15
3472,631,1
3473,631,8
3474,631,9
3475,631,10
3476,631,11
3477,631,12
3478,632,2
3479,632,7
3480,632,8
3481,632,11
3482,632,16
3483,633,1
3484,633,2
3485,633,7
3486,633,8
3487,633,11
3488,633,12
3489,633,13
3490,633,14
3491,633,16
3492,633,17
3493,634,2
3494,634,5
3495,634,6
3496,634,7
3497,634,8
3498,634,16
3499,635,1
3500,635,2
3501,635,7
3502,635,11
3503,635,17
3504,636,1
3505,636,3
3506,636,7
3507,637,3
3508,637,5
3509,637,6
3510,637,7
3511,637,11
3512,637,13
3513,637,15
3514,638,2
3515,638,3
3516,638,6
3517,638,7
3518,638,8
3519,638,12
3520,638,13
3521,638,14
3522,638,16
3523,639,3
3524,639,4
3525,639,7
3526,639,8
3527,639,10
3528,639,11
3529,639,12
3530,639,14
3531,639,15
3532,639,16
3533,639,18
3534,640,5
3535,640,7
3536,640,8
3537,640,10
3538,641,6
3539,641,7
3540,641,8
3541,641,10
3542,641,11
3543,641,12
3544,641,14
3545,642,8
3546,642,9
3547,642,13
3548,642,14
3549,642,15
3550,643,1
3551,643,2
3552,643,5
3553,643,7
3554,643,8
3555,643,9
3556,643,10
3557,643,11
3558,644,7
3559,644,11
3560,644,12
3561,645,2
3562,645,3
3563,645,5
3564,645,6
3565,645,18
3566,646,2
3567,646,7
3568,646,8
3569,646,11
3570,646,14
3571,646,16
3572,646,18
3573,647,1
3574,647,7
3575,647,8
3576,647,11
3577,647,12
3578,648,1
3579,648,2
3580,648,5
3581,648,6
3582,648,11
3583,648,15
3584,648,16
3585,648,17
3586,649,6
3587,649,7
3588,649,8
3589,650,5
3590,650,6
3591,650,7
3592,650,11
3593,650,13
3594,650,14
3595,650,16
3596,651,1
3597,651,2
3598,651,3
3599,651,6
3600,651,7
3601,651,14
3602,651,16
3603,652,2
3604,652,11
3605,652,12
3606,652,13
3607,652,14
3608,653,2
3609,653,7
3610,653,11
3611,654,1
3612,654,2
3613,654,11
3614,654,16
3615,654,17
3616,655,7
3617,655,8
3618,656,8
3619,656,9
3620,656,13
3621,656,14
3622,656,16
3623,656,18
3624,657,2
3625,657,7
3626,657,16
3627,658,8
3628,658,10
3629,658,12
3630,658,17
3631,659,5
3632,659,8
3633,659,13
3634,659,14
3635,659,18
3636,660,2
3637,660,7
3638,660,11
3639,661,2
3640,661,11
3641,661,17
3642,662,7
3643,662,8
3644,662,9
3645,662,10
3646,662,15
3647,663,7
3648,663,8
3649,663,10
3650,663,12
3651,663,13
3652,664,1
3653,665,1
3654,665,7
3655,665,8
3656,665,12
3657,666,5
3658,666,9
3659,666,10
3660,666,12
3661,666,15
3662,667,3
3663,667,4
3664,667,6
3665,667,14
3666,667,16
3667,668,8
3668,668,9
3669,668,10
3670,668,11
3671,668,12
3672,668,14
3673,668,15
3674,668,17
3675,668,18
3676,669,8
3677,669,14
3678,669,15
3679,670,5
3680,670,11
3681,670,12
3682,670,13
3683,671,5
3684,671,8
3685,671,9
3686,671,13
3687,671,14
3688,671,15
3689,671,16
3690,672,2
3691,672,6
3692,672,10
3693,672,11
3694,672,15
3695,672,16
3696,672,17
3697,673,16
3698,674,11
3699,674,12
3700,674,13
3701,674,14
3702,674,15
3703,674,16
3704,674,17
3705,675,3
3706,675,5
3707,675,6
3708,675,7
3709,675,8
3710,675,18
3711,676,6
3712,676,7
3713,676,8
3714,676,13
3715,676,14
3716,676,16
3717,676,18
3718,677,1
3719,677,8
3720,677,11
3721,678,6
3722,678,7
3723,678,8
3724,679,1
3725,679,15
3726,680,7
3727,680,16
3728,681,8
3729,681,9
3730,681,10
3731,681,12
3732,681,14
3733,681,15
3734,681,16
3735,681,18
3736,682,8
3737,682,10
3738,682,12
3739,682,13
3740,682,14
3741,682,15
3742,683,1
3743,683,2
3744,683,4
3745,683,6
3746,683,7
3747,683,8
3748,683,11
3749,683,12
3750,683,14
3751,683,16
3752,683,17
3753,684,1
3754,684,2
3755,684,5
3756,684,6
3757,684,8
3758,684,9
3759,684,10
3760,684,11
3761,684,12
3762,684,13
3763,684,15
3764,684,16
3765,684,17
3766,684,18
3767,685,1
3768,685,2
3769,685,7
3770,685,8
3771,685,10
3772,685,12
3773,685,14
3774,685,17
3775,686,3
3776,686,4
3777,686,7
3778,686,8
3779,686,9
3780,686,14
3781,686,16
3782,687,1
3783,687,2
3784,687,7
3785,687,8
3786,687,11
3787,687,16
3788,688,6
3789,688,7
3790,688,11
3791,688,13
3792,688,14
3793,688,16
3794,689,1
3795,689,2
3796,689,3
3797,689,4
3798,689,5
3799,689,7
3800,689,8
3801,690,8
3802,690,9
3803,690,10
3804,690,11
3805,690,14
3806,691,1
3807,691,2
3808,691,6
3809,691,7
3810,691,8
3811,691,10
3812,691,16
3813,692,7
3814,692,8
3815,692,11
3816,692,16
3817,693,1
3818,693,2
3819,693,8
3820,693,14
3821,693,15
3822,694,2
3823,694,8
3824,694,9
3825,694,11
3826,694,13
3827,694,14
3828,694,15
3829,694,16
3830,695,7
3831,695,8
3832,695,9
3833,695,10
3834,695,11
3835,695,13
3836,695,14
3837,695,15
3838,696,7
3839,696,11
3840,696,16
3841,696,17
3842,697,4
3843,697,5
3844,697,8
3845,697,9
3846,697,13
3847,697,14
3848,697,16
3849,697,17
3850,698,1
3851,698,2
3852,698,6
3853,698,7
3854,698,8
3855,698,11
3856,698,13
3857,698,14
3858,698,15
3859,698,16
3860,698,18
3861,699,3
3862,699,6
3863,699,7
3864,700,7
3865,700,8
3866,700,10
3867,701,1
3868,701,2
3869,701,3
3870,701,7
3871,701,11
3872,701,12
3873,701,16
3874,702,2
3875,702,7
3876,702,16
3877,703,8
3878,703,11
3879,703,16
3880,704,1
3881,704,2
3882,704,3
3883,704,5
3884,704,17
3885,704,18
3886,705,5
3887,705,7
3888,705,8
3889,705,9
3890,705,18
3891,706,8
3892,706,9
3893,706,10
3894,706,12
3895,707,2
3896,707,6
3897,707,7
3898,707,8
3899,707,11
3900,707,12
3901,707,14
3902,707,16
3903,708,1
3904,708,2
3905,708,5
3906,708,8
3907,708,10
3908,708,12
3909,708,13
3910,708,14
3911,708,15
3912,709,2
3913,709,6
3914,709,7
3915,709,8
3916,709,11
3917,710,6
3918,710,8
3919,710,9
3920,710,15
3921,710,18
3922,711,1
3923,711,7
3924,711,11
3925,711,12
3926,711,15
3927,711,17
3928,712,8
3929,712,9
3930,712,11
3931,712,13
3932,712,14
3933,712,15
3934,712,16
3935,713,1
3936,713,2
3937,713,7
3938,713,8
3939,713,11
3940,713,12
3941,714,4
3942,714,7
3943,714,8
3944,714,12
3945,714,14
3946,714,16
3947,715,6
3948,715,7
3949,715,16
3950,716,3
3951,716,4
3952,716,8
3953,716,10
3954,716,11
3955,716,12
3956,716,13
3957,716,14
3958,716,15
3959,716,16
3960,717,2
3961,717,8
3962,717,11
3963,717,12
3964,718,6
3965,718,8
3966,718,9
3967,718,10
3968,718,12
3969,719,3
3970,719,4
3971,719,5
3972,719,11
3973,719,12
3974,720,5
3975,720,7
3976,720,8
3977,721,1
3978,721,5
3979,721,7
3980,721,8
3981,721,9
3982,721,10
3983,721,13
3984,721,18
3985,722,7
3986,723,2
3987,723,5
3988,723,9
3989,723,11
3990,723,12
3991,723,13
3992,723,15
3993,723,16
3994,723,18
3995,724,3
3996,724,5
3997,724,7
3998,724,8
3999,724,15
4000,725,5
4001,725,7
4002,725,8
4003,725,11
4004,725,13
4005,725,14
4006,725,15
4007,725,16
4008,726,2
4009,726,6
4010,726,7
4011,726,8
4012,726,13
4013,727,2
4014,727,6
4015,727,7
4016,727,14
4017,727,16
4018,728,1
4019,728,2
4020,728,5
4021,728,7
4022,728,11
4023,728,13
4024,728,15
4025,729,3
4026,729,7
4027,729,11
4028,729,12
4029,729,17
4030,730,7
4031,730,8
4032,730,16
4033,730,17
4034,731,1
4035,731,2
4036,731,6
4037,731,7
4038,731,11
4039,732,5
4040,732,6
4041,732,7
4042,732,8
4043,732,9
4044,732,11
4045,732,12
4046,732,14
4047,732,15
4048,733,1
4049,733,8
4050,733,9
4051,733,10
4052,733,13
4053,733,15
4054,734,7
4055,734,8
4056,734,11
4057,734,13
4058,734,14
4059,734,15
4060,735,1
4061,735,5
4062,735,11
4063,735,13
4064,736,3
4065,736,4
4066,736,5
4067,736,6
4068,736,8
4069,736,12
4070,736,13
4071,736,14
4072,736,16
4073,736,18
4074,737,3
4075,737,4
4076,737,5
4077,737,6
4078,737,16
4079,737,18
4080,738,5
4081,739,2
4082,739,4
4083,739,5
4084,739,6
4085,739,7
4086,739,8
4087,739,9
4088,739,13
4089,739,14
4090,739,16
4091,739,18
4092,740,6
4093,740,8
4094,740,13
4095,740,14
4096,740,15
4097,740,16
4098,741,1
4099,741,2
4100,741,8
4101,741,9
4102,741,11
4103,741,14
4104,742,1
4105,742,4
4106,742,5
4107,742,6
4108,742,7
4109,742,8
4110,742,9
4111,742,14
4112,742,18
4113,743,2
4114,743,7
4115,743,8
4116,743,11
4117,744,3
4118,744,5
4119,744,13
4120,744,14
4121,744,15
4122,744,16
4123,744,18
4124,745,4
4125,745,5
4126,745,8
4127,745,12
4128,745,15
4129,745,16
4130,745,17
4131,746,8
4132,746,9
4133,746,10
4134,746,15
4135,747,1
4136,747,5
4137,747,6
4138,747,8
4139,747,9
4140,747,10
4141,747,14
4142,747,15
4143,748,3
4144,748,8
4145,748,17
4146,749,7
4147,749,8
4148,749,14
4149,749,15
4150,749,16
4151,750,2
4152,750,5
4153,750,6
4154,750,7
4155,750,9
4156,750,11
4157,750,12
4158,750,13
4159,750,15
4160,750,18
4161,751,5
4162,751,6
4163,751,8
4164,751,9
4165,751,10
4166,752,3
4167,752,4
4168,752,8
4169,752,14
4170,752,15
4171,753,2
4172,753,3
4173,753,5
4174,753,11
4175,753,13
4176,753,14
4177,753,15
4178,753,16
4179,753,18
4180,754,3
4181,754,5
4182,754,6
4183,754,7
4184,754,8
4185,754,10
4186,754,16
4187,754,18
4188,755,1
4189,755,2
4190,755,6
4191,755,7
4192,755,11
4193,755,13
4194,755,16
4195,755,17
4196,756,5
4197,756,8
4198,756,14
4199,756,15
4200,757,1
4201,757,7
4202,757,11
4203,757,16
4204,758,8
4205,758,9
4206,758,10
4207,758,12
4208,758,13
4209,758,14
4210,759,1
4211,759,4
4212,759,7
4213,759,8
4214,759,9
4215,759,10
4216,759,12
4217,759,14
4218,759,15
4219,759,17
4220,760,2
4221,760,5
4222,760,6
4223,760,11
4224,760,12
4225,760,13
4226,760,16
4227,760,17
4228,761,1
4229,761,2
4230,761,17
4231,762,2
4232,762,3
4233,762,5
4234,762,6
4235,762,7
4236,762,8
4237,762,13
4238,762,14
4239,762,15
4240,762,16
4241,762,18
4242,763,2
4243,763,7
4244,763,8
4245,763,9
4246,763,10
4247,763,14
4248,763,15
4249,764,1
4250,764,7
4251,764,11
4252,764,12
4253,765,2
4254,765,11
4255,765,12
4256,765,15
4257,766,8
4258,766,10
4259,766,15
4260,767,6
4261,767,7
4262,767,16
4263,768,5
4264,768,7
4265,768,8
4266,768,9
4267,768,10
4268,768,14
4269,768,15
4270,769,1
4271,769,2
4272,769,3
4273,769,4
4274,769,5
4275,769,6
4276,769,7
4277,769,8
4278,769,9
4279,769,10
4280,769,11
4281,769,12
4282,769,13
4283,769,14
4284,769,16
4285,769,17
4286,769,18
4287,770,4
4288,770,9
4289,770,14
4290,770,15
4291,771,7
4292,771,11
4293,774,3
4294,774,4
4295,774,5
4296,774,8
4297,774,9
4298,774,10
4299,774,18
4300,775,1
4301,775,5
4302,775,7
4303,775,11
4304,775,14
4305,775,16
4306,776,1
4307,776,2
4308,776,8
4309,776,9
4310,776,11
4311,776,13
4312,776,14
4313,776,15
4314,776,16
4315,777,5
4316,777,18
4317,778,5
4318,778,8
4319,778,11
4320,778,15
4321,778,16
4322,778,17
4323,778,18
4324,779,3
4325,779,7
4326,779,8
4327,779,14
4328,779,16
4329,779,17
4330,780,1
4331,780,7
4332,780,11
4333,781,7
4334,782,4
4335,782,5
4336,782,6
4337,782,11
4338,782,13
4339,782,15
4340,783,7
4341,783,8
4342,783,16
4343,783,17
4344,784,2
4345,784,13
4346,784,14
4347,785,4
4348,785,5
4349,785,6
4350,785,8
4351,785,9
4352,785,10
4353,785,12
4354,785,13
4355,785,14
4356,785,15
4357,785,16
4358,786,3
4359,786,5
4360,786,6
4361,786,7
4362,786,8
4363,786,9
4364,786,17
4365,787,2
4366,787,5
4367,787,6
4368,787,7
4369,787,13
4370,787,17
4371,788,1
4372,788,6
4373,788,7
4374,788,11
4375,789,5
4376,789,7
4377,789,8
4378,789,9
4379,789,13
4380,789,14
4381,789,15
4382,789,16
4383,790,6
4384,790,7
4385,790,11
4386,791,7
4387,791,11
4388,791,12
4389,791,15
4390,792,1
4391,792,2
4392,792,5
4393,792,7
4394,792,8
4395,792,11
4396,792,17
4397,792,18
4398,793,1
4399,793,5
4400,793,8
4401,793,9
4402,793,10
4403,793,14
4404,793,15
4405,793,17
4406,794,11
4407,794,13
4408,794,15
4409,795,1
4410,795,8
4411,795,11
4412,796,9
4413,796,11
4414,796,13
4415,796,16
4416,796,17
4417,797,1
4418,797,7
4419,797,11
4420,798,2
4421,798,4
4422,798,6
4423,798,8
4424,798,10
4425,798,12
4426,798,14
4427,798,16
4428,798,18
4429,799,1
4430,799,5
4431,799,7
4432,799,9
4433,799,11
4434,799,12
4435,799,14
4436,799,16
4437,800,2
4438,800,6
4439,800,11
4440,801,5
4441,801,7
4442,801,8
4443,802,5
4444,802,6
4445,802,8
4446,802,9
4447,802,10
4448,802,14
4449,802,15
4450,802,18
4451,803,2
4452,803,6
4453,803,7
4454,803,10
4455,803,11
4456,804,1
4457,804,2
4458,804,7
4459,804,8
4460,804,14
4461,804,17
4462,805,1
4463,805,2
4464,805,7
4465,805,8
4466,805,9
4467,805,11
4468,805,17
4469,806,1
4470,806,6
4471,806,8
4472,806,9
4473,806,10
4474,807,2
4475,807,5
4476,807,6
4477,807,7
4478,807,8
4479,807,10
4480,807,11
4481,807,12
4482,807,13
4483,807,14
4484,808,1
4485,808,2
4486,808,6
4487,808,7
4488,808,8
4489,808,9
4490,808,10
4491,808,12
4492,808,14
4493,808,15
4494,810,5
4495,810,6
4496,810,18
4497,811,1
4498,811,7
4499,811,8
4500,811,10
4501,812,2
4502,812,11
4503,813,4
4504,813,5
4505,813,6
4506,813,8
4507,813,9
4508,813,13
4509,813,14
4510,813,15
4511,813,18
4512,814,5
4513,814,8
4514,814,9
4515,814,10
4516,814,14
4517,814,15
4518,814,18
4519,815,1
4520,816,1
4521,817,1
4522,817,2
4523,817,5
4524,817,6
4525,817,7
4526,817,11
4527,817,12
4528,817,17
4529,817,18
4530,818,1
4531,818,4
4532,818,8
4533,818,9
4534,818,11
4535,818,12
4536,818,13
4537,818,14
4538,818,16
4539,819,1
4540,819,5
4541,819,7
4542,819,8
4543,819,9
4544,819,10
4545,819,11
4546,819,12
4547,819,13
4548,819,14
4549,819,15
4550,819,16
4551,820,1
4552,820,7
4553,820,8
4554,820,11
4555,820,12
4556,820,13
4557,820,14
4558,821,1
4559,821,5
4560,821,7
4561,821,8
4562,821,9
4563,821,17
4564,822,1
4565,822,7
4566,822,16
4567,823,5
4568,823,6
4569,823,8
4570,823,11
4571,823,12
4572,823,13
4573,823,14
4574,823,15
4575,823,18
4576,824,5
4577,824,6
4578,824,7
4579,824,8
4580,824,9
4581,824,10
4582,824,13
4583,824,14
4584,824,15
4585,824,18
4586,825,1
4587,825,7
4588,825,8
4589,825,11
4590,825,12
4591,825,16
4592,826,11
4593,827,5
4594,827,8
4595,827,14
4596,827,18
4597,828,5
4598,828,8
4599,828,9
4600,828,15
4601,829,5
4602,829,6
4603,829,7
4604,829,8
4605,829,13
4606,829,14
4607,829,16
4608,829,18
4609,830,3
4610,830,5
4611,830,6
4612,830,7
4613,830,8
4614,830,12
4615,830,14
4616,830,15
4617,831,2
4618,831,7
4619,831,8
4620,831,10
4621,831,11
4622,831,16
4623,831,17
4624,832,5
4625,832,6
4626,832,8
4627,832,9
4628,832,10
4629,832,13
4630,832,14
4631,832,15
4632,833,2
4633,833,7
4634,833,11
4635,833,12
4636,833,13
4637,833,16
4638,834,2
4639,834,4
4640,834,5
4641,834,6
4642,834,7
4643,834,8
4644,834,10
4645,834,11
4646,834,12
4647,834,13
4648,834,14
4649,834,16
4650,834,18
4651,835,3
4652,835,4
4653,835,5
4654,835,6
4655,835,8
4656,835,10
4657,835,12
4658,835,13
4659,835,14
4660,835,16
4661,835,18
4662,836,5
4663,836,8
4664,836,13
4665,836,15
4666,836,18
4667,837,2
4668,837,5
4669,837,6
4670,837,8
4671,837,9
4672,838,7
4673,838,8
4674,838,12
4675,839,7
4676,839,8
4677,839,9
4678,839,10
4679,839,11
4680,839,13
4681,839,14
4682,840,2
4683,840,5
4684,840,8
4685,840,9
4686,840,10
4687,840,12
4688,840,13
4689,840,14
4690,840,15
4691,840,16
4692,841,1
4693,841,2
4694,841,7
4695,841,8
4696,841,11
4697,841,12
4698,841,14
4699,841,15
4700,841,16
4701,842,2
4702,842,6
4703,842,7
4704,842,14
4705,842,15
4706,842,16
4707,843,1
4708,843,6
4709,843,7
4710,843,8
4711,843,11
4712,843,16
4713,844,1
4714,844,2
4715,844,7
4716,844,8
4717,844,10
4718,844,11
4719,844,17
4720,845,1
4721,845,2
4722,845,7
4723,845,8
4724,845,10
4725,845,15
4726,846,1
4727,846,2
4728,846,7
4729,846,8
4730,846,11
4731,847,1
4732,847,3
4733,847,4
4734,847,5
4735,847,6
4736,847,13
4737,847,14
4738,847,15
4739,847,17
4740,847,18
4741,848,1
4742,848,7
4743,848,11
4744,849,2
4745,849,7
4746,849,11
4747,849,13
4748,849,17
4749,850,3
4750,850,5
4751,850,6
4752,850,7
4753,850,8
4754,850,12
4755,850,13
4756,850,14
4757,850,15
4758,850,18
4759,851,8
4760,851,10
4761,851,12
4762,851,15
4763,852,3
4764,852,4
4765,852,5
4766,852,13
4767,852,18
4768,853,2
4769,853,6
4770,853,7
4771,853,11
4772,853,12
4773,854,1
4774,854,11
4775,854,17
4776,855,1
4777,855,11
4778,856,2
4779,856,3
4780,856,6
4781,856,18
4782,857,2
4783,857,11
4784,858,1
4785,858,2
4786,858,7
4787,858,8
4788,858,10
4789,858,11
4790,858,12
4791,858,16
4792,858,17
4793,859,6
4794,859,7
4795,859,8
4796,859,13
4797,859,16
4798,860,1
4799,860,2
4800,860,6
4801,860,7
4802,860,15
4803,860,17
4804,861,5
4805,861,12
4806,861,13
4807,861,14
4808,862,2
4809,862,3
4810,862,7
4811,862,11
4812,862,17
4813,863,2
4814,863,8
4815,863,9
4816,863,11
4817,863,17
4818,864,8
4819,864,15
4820,865,1
4821,865,2
4822,865,7
4823,865,8
4824,865,11
4825,865,13
4826,865,16
4827,865,17
4828,866,1
4829,866,5
4830,866,6
4831,866,15
4832,866,17
4833,867,6
4834,867,8
4835,867,9
4836,867,10
4837,867,11
4838,867,14
4839,867,15
4840,868,2
4841,868,6
4842,868,8
4843,868,11
4844,868,15
4845,869,5
4846,869,6
4847,869,8
4848,869,9
4849,869,10
4850,869,12
4851,869,14
4852,869,15
4853,870,2
4854,870,4
4855,870,7
4856,870,16
4857,871,1
4858,871,3
4859,871,6
4860,871,7
4861,871,11
4862,872,5
4863,872,6
4864,872,7
4865,872,8
4866,872,14
4867,872,15
4868,873,1
4869,873,2
4870,873,7
4871,873,17
4872,874,5
4873,874,8
4874,874,9
4875,874,13
4876,874,14
4877,874,15
4878,875,8
4879,875,15
4880,875,17
4881,876,1
4882,876,2
4883,876,8
4884,876,17
4885,877,2
4886,877,16
4887,878,11
4888,878,17
4889,879,7
4890,879,11
4891,879,12
4892,879,13
4893,879,14
4894,880,4
4895,880,8
4896,880,10
4897,880,13
4898,880,14
4899,880,15
4900,881,5
4901,881,6
4902,881,7
4903,881,8
4904,881,11
4905,881,12
4906,881,13
4907,881,14
4908,881,17
4909,882,1
4910,882,2
4911,882,4
4912,882,8
4913,882,9
4914,882,14
4915,882,15
4916,882,17
4917,883,2
4918,883,11
4919,883,16
4920,883,17
4921,884,5
4922,884,6
4923,884,7
4924,884,8
4925,884,13
4926,884,14
4927,884,15
4928,885,1
4929,885,2
4930,885,8
4931,885,10
4932,885,17
4933,886,7
4934,886,13
4935,886,16
4936,887,2
4937,887,5
4938,887,7
4939,887,8
4940,887,10
4941,887,12
4942,887,13
4943,887,14
4944,887,15
4945,887,17
4946,888,1
4947,888,7
4948,888,8
4949,888,9
4950,888,11
4951,888,12
4952,889,1
4953,889,8
4954,889,9
4955,889,10
4956,889,15
4957,890,4
4958,890,8
4959,890,11
4960,891,7
4961,891,8
4962,891,14
4963,891,16
4964,892,4
4965,892,5
4966,892,8
4967,892,14
4968,892,15
4969,893,2
4970,893,7
4971,893,11
4972,893,17
4973,894,2
4974,894,7
4975,894,8
4976,894,12
4977,895,8
4978,896,4
4979,896,8
4980,896,11
4981,896,18
4982,897,1
4983,897,8
4984,897,12
4985,897,14
4986,898,1
4987,898,2
4988,898,11
4989,899,4
4990,899,6
4991,899,8
4992,899,13
4993,899,14
4994,899,15
4995,900,7
4996,900,15
4997,901,8
4998,901,13
4999,901,14
5000,901,15
5001,902,11
5002,903,6
5003,903,12
5004,903,13
5005,905,11
5006,905,12
5007,906,1
5008,906,3
5009,906,8
5010,906,9
5011,906,10
5012,906,13
5013,906,14
5014,906,15
5015,907,6
5016,907,7
5017,907,16
5018,908,2
5019,908,7
5020,908,8
5021,908,11
5022,909,2
5023,909,5
5024,909,6
5025,909,13
5026,909,15
5027,909,16
5028,909,17
5029,909,18
5030,910,1
5031,910,2
5032,910,7
5033,911,7
5034,911,8
5035,912,2
5036,912,6
5037,912,7
5038,912,11
5039,912,12
5040,912,14
5041,913,1
5042,913,6
5043,913,7
5044,913,8
5045,913,11
5046,913,12
5047,913,13
5048,913,14
5049,913,15
5050,913,16
5051,914,5
5052,914,6
5053,914,8
5054,914,9
5055,914,10
5056,914,14
5057,914,15
5058,914,16
5059,914,18
5060,915,1
5061,915,2
5062,915,7
5063,915,10
5064,915,14
5065,916,2
5066,916,3
5067,916,5
5068,916,8
5069,916,13
5070,916,14
5071,916,15
5072,916,18
5073,917,1
5074,917,5
5075,917,8
5076,917,9
5077,917,10
5078,917,13
5079,917,14
5080,917,15
5081,917,16
5082,917,18
5083,918,1
5084,918,2
5085,918,7
5086,918,8
5087,918,11
5088,918,17
5089,919,8
5090,919,9
5091,919,10
5092,919,14
5093,919,15
5094,920,1
5095,920,8
5096,920,9
5097,920,10
5098,920,14
5099,920,15
5100,921,6
5101,921,7
5102,921,8
5103,921,9
5104,921,10
5105,921,12
5106,921,16
5107,922,8
5108,922,9
5109,922,15
5110,922,16
5111,923,1
5112,923,6
5113,923,8
5114,923,14
5115,924,2
5116,924,7
5117,924,11
5118,925,2
5119,925,7
5120,925,11
5121,925,17
5122,926,1
5123,926,5
5124,926,7
5125,926,8
5126,926,10
5127,926,13
5128,926,14
5129,926,15
5130,928,2
5131,928,6
5132,928,13
5133,928,16
5134,929,8
5135,929,15
5136,930,2
5137,930,7
5138,930,11
5139,930,12
5140,931,2
5141,931,5
5142,931,7
5143,931,11
5144,931,12
5145,931,14
5146,931,16
5147,932,3
5148,932,5
5149,932,7
5150,932,10
5151,932,12
5152,932,15
5153,933,11
5154,934,2
5155,934,7
5156,934,9
5157,935,2
5158,935,7
5159,935,11
5160,935,17
5161,936,5
5162,936,6
5163,936,8
5164,936,12
5165,936,13
5166,936,14
5167,936,15
5168,937,8
5169,937,9
5170,937,10
5171,937,17
5172,938,7
5173,939,7
5174,939,9
5175,939,10
5176,939,13
5177,940,2
5178,940,5
5179,940,6
5180,940,7
5181,940,8
5182,940,9
5183,940,10
5184,940,11
5185,940,12
5186,940,13
5187,940,14
5188,940,15
5189,940,16
5190,940,18
5191,941,3
5192,941,5
5193,941,7
5194,941,8
5195,941,10
5196,941,11
5197,941,14
5198,941,15
5199,941,17
5200,942,2
5201,942,4
5202,942,5
5203,942,7
5204,942,8
5205,942,14
5206,942,16
5207,942,17
5208,943,11
5209,943,13
5210,943,17
5211,944,7
5212,944,8
5213,944,11
5214,944,12
5215,944,13
5216,944,14
5217,944,15
5218,945,2
5219,945,5
5220,945,7
5221,945,13
5222,945,17
5223,946,5
5224,946,10
5225,946,11
5226,946,12
5227,946,13
5228,947,1
5229,947,5
5230,947,7
5231,947,8
5232,948,2
5233,948,7
5234,948,8
5235,948,9
5236,948,10
5237,948,11
5238,948,12
5239,948,14
5240,948,16
5241,949,1
5242,949,5
5243,949,8
5244,949,9
5245,949,10
5246,949,13
5247,949,14
5248,949,15
5249,950,11
5250,951,2
5251,951,6
5252,951,7
5253,951,16
5254,952,8
5255,953,5
5256,953,7
5257,953,8
5258,953,9
5259,953,10
5260,953,11
5261,953,12
5262,953,14
5263,954,2
5264,954,7
5265,954,11
5266,954,12
5267,954,14
5268,954,15
5269,954,17
5270,955,5
5271,955,7
5272,955,8
5273,955,15
5274,955,16
5275,955,17
5276,956,7
5277,956,8
5278,956,10
5279,956,11
5280,956,12
5281,956,13
5282,956,14
5283,956,16
5284,957,2
5285,957,11
5286,957,12
5287,957,16
5288,957,17
5289,958,8
5290,958,9
5291,958,10
5292,959,1
5293,959,4
5294,959,6
5295,959,7
5296,959,8
5297,959,13
5298,959,14
5299,960,1
5300,960,11
5301,961,1
5302,961,2
5303,961,7
5304,961,17
5305,962,5
5306,962,6
5307,962,7
5308,962,10
5309,962,12
5310,962,13
5311,962,14
5312,962,15
5313,963,2
5314,963,3
5315,963,5
5316,963,8
5317,963,9
5318,963,10
5319,963,13
5320,963,15
5321,963,18
5322,964,2
5323,964,3
5324,964,6
5325,964,7
5326,964,11
5327,964,12
5328,964,16
5329,964,17
5330,965,3
5331,965,4
5332,965,5
5333,965,13
5334,966,1
5335,966,2
5336,966,5
5337,966,7
5338,966,8
5339,966,13
5340,966,17
5341,966,18
5342,967,1
5343,967,8
5344,967,9
5345,967,10
5346,967,12
5347,967,14
5348,967,15
5349,967,18
5350,968,1
5351,968,2
5352,968,6
5353,968,7
5354,968,8
5355,968,10
5356,968,14
5357,968,16
5358,968,17
5359,969,1
5360,969,5
5361,969,6
5362,969,13
5363,969,15
5364,969,16
5365,969,18
5366,970,8
5367,970,9
5368,970,10
5369,970,12
5370,970,13
5371,970,14
5372,971,1
5373,971,7
5374,971,11
5375,972,7
5376,972,8
5377,972,9
5378,972,14
5379,973,2
5380,973,4
5381,973,5
5382,973,6
5383,973,8
5384,973,11
5385,973,13
5386,973,14
5387,973,15
5388,973,18
5389,974,1
5390,974,3
5391,974,5
5392,974,8
5393,974,9
5394,974,10
5395,974,12
5396,974,14
5397,975,6
5398,975,8
5399,975,10
5400,975,14
5401,975,15
5402,976,3
5403,976,4
5404,976,5
5405,976,6
5406,976,8
5407,976,9
5408,976,10
5409,976,12
5410,976,13
5411,977,8
5412,977,9
5413,977,10
5414,977,12
5415,977,14
5416,977,15
5417,978,2
5418,978,3
5419,978,4
5420,978,5
5421,978,6
5422,978,7
5423,978,8
5424,978,9
5425,978,10
5426,978,11
5427,978,12
5428,978,13
5429,978,14
5430,978,15
5431,978,16
5432,978,17
5433,978,18
5434,979,2
5435,979,6
5436,979,7
5437,979,8
5438,979,12
5439,979,13
5440,979,14
5441,979,16
5442,980,1
5443,980,2
5444,980,7
5445,980,8
5446,980,11
5447,980,17
5448,981,7
5449,981,8
5450,981,9
5451,981,13
5452,981,14
5453,982,2
5454,982,5
5455,982,6
5456,982,7
5457,982,8
5458,982,13
5459,982,14
5460,982,16
5461,983,5
5462,983,7
5463,983,8
5464,983,9
5465,983,13
5466,983,14
5467,983,16
5468,983,18
5469,984,1
5470,984,4
5471,984,5
5472,984,6
5473,984,8
5474,984,14
5475,984,15
5476,985,1
5477,985,8
5478,985,12
5479,985,14
5480,985,15
5481,986,1
5482,986,7
5483,986,11
5484,986,12
5485,986,16
5486,987,8
5487,987,9
5488,987,14
5489,988,5
5490,988,7
5491,988,8
5492,988,12
5493,988,15
5494,989,3
5495,989,5
5496,989,8
5497,989,10
5498,989,13
5499,989,14
5500,989,15
5501,989,17
5502,989,18
5503,990,8
5504,990,15
5505,991,5
5506,991,8
5507,991,10
5508,991,12
5509,991,13
5510,991,14
5511,991,15
5512,991,16
5513,992,1
5514,992,5
5515,992,6
5516,992,7
5517,992,8
5518,992,9
5519,992,11
5520,992,16
5521,992,17
5522,993,1
5523,993,8
5524,993,9
5525,994,1
5526,994,8
5527,994,9
5528,994,10
5529,994,11
5530,994,14
5531,995,1
5532,995,2
5533,995,4
5534,995,5
5535,995,8
5536,995,9
5537,995,17
5538,996,7
5539,996,8
5540,996,11
5541,996,15
5542,997,1
5543,997,6
5544,997,8
5545,997,10
5546,997,12
5547,997,14
5548,998,1
5549,998,8
5550,998,9
5551,998,17
5552,999,8
5553,999,11
5554,999,12
5555,1000,1
5556,1000,8
5557,1000,10
5558,1000,12
5559,1000,16
5560,1001,1
5561,1001,2
5562,1001,8
5563,1001,9
5564,1001,10
5565,1001,14
5566,1001,17
5567,1002,1
5568,1002,2
5569,1002,4
5570,1002,5
5571,1002,6
5572,1002,7
5573,1002,8
5574,1002,11
5575,1002,12
5576,1002,13
5577,1002,14
5578,1002,15
5579,1002,16
5580,1002,17
5581,1003,7
5582,1003,11
5583,1004,1
5584,1004,2
5585,1004,6
5586,1004,7
5587,1004,10
5588,1004,11
5589,1004,14
5590,1005,1
5591,1005,8
5592,1005,9
5593,1005,12
5594,1005,15
5595,1006,2
5596,1006,7
5597,1006,8
5598,1006,12
5599,1006,13
5600,1006,14
5601,1006,16
5602,1006,17
5603,1007,2
5604,1007,9
5605,1007,11
5606,1007,12
5607,1007,17
5608,1008,2
5609,1008,5
5610,1008,6
5611,1008,7
5612,1008,8
5613,1008,11
5614,1008,13
5615,1008,14
5616,1008,15
5617,1009,1
5618,1009,2
5619,1009,5
5620,1009,7
5621,1009,10
5622,1009,17
5623,1010,8
5624,1010,15
5625,1011,8
5626,1011,15
5627,1012,1
5628,1012,2
5629,1012,7
